Year,Avg_Citations
2017,66.0
2018,60.0
2019,53.329787234042556
2020,48.489583333333336
2021,43.925619834710744
2022,38.78453038674033
2023,34.32432432432432
2024,27.969594594594593
2025,26.0
2026,21.365384615384617
